{
    "group": [{
        "name": "groupA",
        "games": [{
            "number": "1",
            "buyUrl": "https://www.stubhub.de/frankreich-a2-uefa-euro-2016-tickets-le-stade-de-france-6-10-2016/event/9456467",
            "sellUrl": "https://sell.stubhub.de/sell?eventId=9456467",
            "teams": ["fra", "rou"],
            "date": "2015-06-10T21:00",
            "stadium": "sdf"
        }, {
            "number": "2",
            "buyUrl": "https://www.stubhub.de/a3-a4-uefa-euro-2016-tickets-stade-bollaert-delelis-6-11-2016/event/9456468",
            "sellUrl": "https://sell.stubhub.de/sell?eventId=9456468",
            "teams": ["alb", "sui"],
            "date": "2015-06-11T15:00",
            "stadium": "sbd"
        }, {
            "number": "14",
            "buyUrl": "https://www.stubhub.de/a2-a4-uefa-euro-2016-tickets-parc-des-princes-6-15-2016/event/9456465",
            "sellUrl": "https://sell.stubhub.de/sell?eventId=9456465",
            "teams": ["rou", "sui"],
            "date": "2015-06-15T18:00",
            "stadium": "pdp"
        }, {
            "number": "15",
            "buyUrl": "https://www.stubhub.de/frankreich-a3-uefa-euro-2016-tickets-stade-velodrome-6-15-2016/event/9456466",
            "sellUrl": "https://sell.stubhub.de/sell?eventId=9456466",
            "teams": ["fra", "alb"],
            "date": "2015-06-15T21:00",
            "stadium": "sv"
        }, {
            "number": "25",
            "buyUrl": "https://www.stubhub.de/a2-a3-uefa-euro-2016-tickets-grand-stade-olympique-lyonnais-6-19-2016/event/9456484",
            "sellUrl": "https://sell.stubhub.de/sell?eventId=9456484",
            "teams": ["rou", "alb"],
            "date": "2015-06-19T21:00",
            "stadium": "sdl"
        }, {
            "number": "26",
            "buyUrl": "https://www.stubhub.de/a4-frankreich-uefa-euro-2016-tickets-stade-pierre-mauroy-6-19-2016/event/9456485",
            "sellUrl": "https://sell.stubhub.de/sell?eventId=9456485",
            "teams": ["sui", "fra"],
            "date": "2015-06-19T21:00",
            "stadium": "spm"
        }]
    }, {
        "name": "groupB",
        "games": [{
            "number": "3",
            "buyUrl": "https://www.stubhub.de/b3-b4-uefa-euro-2016-tickets-stade-matmut-atlantique-6-11-2016/event/9456469",
            "sellUrl": "https://sell.stubhub.de/sell?eventId=9456469",
            "teams": ["wal", "svk"],
            "date": "2015-06-11T18:00",
            "stadium": "sdb"
        }, {
            "number": "4",
            "buyUrl": "https://www.stubhub.de/b1-b2-uefa-euro-2016-tickets-stade-velodrome-6-11-2016/event/9456470",
            "sellUrl": "https://sell.stubhub.de/sell?eventId=9456470",
            "teams": ["eng", "rus"],
            "date": "2015-06-11T21:00",
            "stadium": "sv"
        }, {
            "number": "13",
            "buyUrl": "https://www.stubhub.de/b2-b4-uefa-euro-2016-tickets-stade-pierre-mauroy-6-15-2016/event/9456464",
            "sellUrl": "https://sell.stubhub.de/sell?eventId=9456464",
            "teams": ["rus", "svk"],
            "date": "2015-06-15T15:00",
            "stadium": "spm"
        }, {
            "number": "16",
            "buyUrl": "https://www.stubhub.de/b1-b3-uefa-euro-2016-tickets-stade-bollaert-delelis-6-16-2016/event/9456475",
            "sellUrl": "https://sell.stubhub.de/sell?eventId=9456475",
            "teams": ["eng", "wal"],
            "date": "2015-06-16T15:00",
            "stadium": "sbd"
        }, {
            "number": "27",
            "buyUrl": "https://www.stubhub.de/b2-b3-uefa-euro-2016-tickets-stadium-de-toulouse-6-20-2016/event/9456487",
            "sellUrl": "https://sell.stubhub.de/sell?eventId=9456487",
            "teams": ["rus", "wal"],
            "date": "2015-06-20T21:00",
            "stadium": "sdt"
        }, {
            "number": "28",
            "buyUrl": "https://www.stubhub.de/b4-b1-uefa-euro-2016-tickets-stade-geoffroy-guichard-6-20-2016/event/9456486",
            "sellUrl": "https://sell.stubhub.de/sell?eventId=9456486",
            "teams": ["svk", "eng"],
            "date": "2015-06-20T21:00",
            "stadium": "sgg"
        }]
    }, {
        "name": "groupC",
        "games": [{
            "number": "6",
            "buyUrl": "https://www.stubhub.de/c3-c4-uefa-euro-2016-tickets-allianz-riviera-6-12-2016/event/9456472",
            "sellUrl": "https://sell.stubhub.de/sell?eventId=9456472",
            "teams": ["pol", "nir"],
            "date": "2015-06-12T18:00",
            "stadium": "sdn"
        }, {
            "number": "7",
            "buyUrl": "https://www.stubhub.de/c1-c2-uefa-euro-2016-tickets-stade-pierre-mauroy-6-12-2016/event/9456473",
            "sellUrl": "https://sell.stubhub.de/sell?eventId=9456473",
            "teams": ["ger", "ukr"],
            "date": "2015-06-12T21:00",
            "stadium": "spm"
        }, {
            "number": "17",
            "buyUrl": "https://www.stubhub.de/c2-c4-uefa-euro-2016-tickets-grand-stade-olympique-lyonnais-6-16-2016/event/9456476",
            "sellUrl": "https://sell.stubhub.de/sell?eventId=9456476",
            "teams": ["ukr", "nir"],
            "date": "2015-06-16T18:00",
            "stadium": "sdl"
        }, {
            "number": "18",
            "buyUrl": "https://www.stubhub.de/c1-c3-uefa-euro-2016-tickets-le-stade-de-france-6-16-2016/event/9456477",
            "sellUrl": "https://sell.stubhub.de/sell?eventId=9456477",
            "teams": ["ger", "pol"],
            "date": "2015-06-16T21:00",
            "stadium": "sdf"
        }, {
            "number": "29",
            "buyUrl": "https://www.stubhub.de/c2-c3-uefa-euro-2016-tickets-stade-velodrome-6-21-2016/event/9456489",
            "sellUrl": "https://sell.stubhub.de/sell?eventId=9456489",
            "teams": ["ukr", "pol"],
            "date": "2015-06-21T18:00",
            "stadium": "sv"
        }, {
            "number": "30",
            "buyUrl": "https://www.stubhub.de/c4-c1-uefa-euro-2016-tickets-parc-des-princes-6-21-2016/event/9456488",
            "sellUrl": "https://sell.stubhub.de/sell?eventId=9456488",
            "teams": ["nir", "ger"],
            "date": "2015-06-21T18:00",
            "stadium": "pdp"
        }]
    }, {
        "name": "groupD",
        "games": [{
            "number": "5",
            "buyUrl": "https://www.stubhub.de/d3-d4-uefa-euro-2016-tickets-parc-des-princes-6-12-2016/event/9456471",
            "sellUrl": "https://sell.stubhub.de/sell?eventId=9456471",
            "teams": ["tur", "cro"],
            "date": "2015-06-12T15:00",
            "stadium": "pdp"
        }, {
            "number": "8",
            "buyUrl": "https://www.stubhub.de/d1-d2-uefa-euro-2016-tickets-stadium-de-toulouse-6-13-2016/event/9456474",
            "sellUrl": "https://sell.stubhub.de/sell?eventId=9456474",
            "teams": ["esp", "cze"],
            "date": "2015-06-13T15:00",
            "stadium": "sdt"
        }, {
            "number": "20",
            "buyUrl": "https://www.stubhub.de/d2-d4-uefa-euro-2016-tickets-stade-geoffroy-guichard-6-17-2016/event/9456479",
            "sellUrl": "https://sell.stubhub.de/sell?eventId=9456479",
            "teams": ["cze", "cro"],
            "date": "2015-06-17T18:00",
            "stadium": "sgg"
        }, {
            "number": "21",
            "buyUrl": "https://www.stubhub.de/d1-d3-uefa-euro-2016-tickets-allianz-riviera-6-17-2016/event/9456480",
            "sellUrl": "https://sell.stubhub.de/sell?eventId=9456480",
            "teams": ["esp", "tur"],
            "date": "2015-06-17T21:00",
            "stadium": "sdn"
        }, {
            "number": "31",
            "buyUrl": "https://www.stubhub.de/d2-d3-uefa-euro-2016-tickets-stade-bollaert-delelis-6-21-2016/event/9456490",
            "sellUrl": "https://sell.stubhub.de/sell?eventId=9456490",
            "teams": ["cze", "tur"],
            "date": "2015-06-21T21:00",
            "stadium": "sbd"
        }, {
            "number": "32",
            "buyUrl": "https://www.stubhub.de/d4-d1-uefa-euro-2016-tickets-stade-matmut-atlantique-6-21-2016/event/9456491",
            "sellUrl": "https://sell.stubhub.de/sell?eventId=9456491",
            "teams": ["cro", "esp"],
            "date": "2015-06-21T21:00",
            "stadium": "sdb"
        }]
    }, {
        "name": "groupE",
        "games": [{
            "number": "9",
            "buyUrl": "https://www.stubhub.de/e3-e4-uefa-euro-2016-tickets-le-stade-de-france-6-13-2016/event/9456460",
            "sellUrl": "https://sell.stubhub.de/sell?eventId=9456460",
            "teams": ["irl", "swe"],
            "date": "2015-06-13T18:00",
            "stadium": "sdf"
        }, {
            "number": "10",
            "buyUrl": "https://www.stubhub.de/e1-e2-uefa-euro-2016-tickets-grand-stade-olympique-lyonnais-6-13-2016/event/9456461",
            "sellUrl": "https://sell.stubhub.de/sell?eventId=9456461",
            "teams": ["bel", "ita"],
            "date": "2015-06-13T21:00",
            "stadium": "sdl"
        }, {
            "number": "19",
            "buyUrl": "https://www.stubhub.de/e2-e4-uefa-euro-2016-tickets-stadium-de-toulouse-6-17-2016/event/9456478",
            "sellUrl": "https://sell.stubhub.de/sell?eventId=9456478",
            "teams": ["ita", "swe"],
            "date": "2015-06-17T15:00",
            "stadium": "sdt"
        }, {
            "number": "22",
            "buyUrl": "https://www.stubhub.de/e1-e3-uefa-euro-2016-tickets-stade-matmut-atlantique-6-18-2016/event/9456481",
            "sellUrl": "https://sell.stubhub.de/sell?eventId=9456481",
            "teams": ["bel", "irl"],
            "date": "2015-06-18T15:00",
            "stadium": "sdb"
        }, {
            "number": "35",
            "buyUrl": "https://www.stubhub.de/e2-e3-uefa-euro-2016-tickets-stade-pierre-mauroy-6-22-2016/event/9456496",
            "sellUrl": "https://sell.stubhub.de/sell?eventId=9456496",
            "teams": ["ita", "irl"],
            "date": "2015-06-22T21:00",
            "stadium": "spm"
        }, {
            "number": "36",
            "buyUrl": "https://www.stubhub.de/e4-e1-uefa-euro-2016-tickets-allianz-riviera-6-22-2016/event/9456495",
            "sellUrl": "https://sell.stubhub.de/sell?eventId=9456495",
            "teams": ["swe", "bel"],
            "date": "2015-06-22T21:00",
            "stadium": "sdn"
        }]
    }, {
        "name": "groupF",
        "games": [{
            "number": "11",
            "buyUrl": "https://www.stubhub.de/f3-f4-uefa-euro-2016-tickets-stade-matmut-atlantique-6-14-2016/event/9456462",
            "sellUrl": "https://sell.stubhub.de/sell?eventId=9456462",
            "teams": ["aut", "hun"],
            "date": "2015-06-14T18:00",
            "stadium": "sdb"
        }, {
            "number": "12",
            "buyUrl": "https://www.stubhub.de/f1-f2-uefa-euro-2016-tickets-stade-geoffroy-guichard-6-14-2016/event/9456463",
            "sellUrl": "https://sell.stubhub.de/sell?eventId=9456463",
            "teams": ["por", "isl"],
            "date": "2015-06-14T21:00",
            "stadium": "sgg"
        }, {
            "number": "23",
            "buyUrl": "https://www.stubhub.de/f2-f4-uefa-euro-2016-tickets-stade-velodrome-6-18-2016/event/9456482",
            "sellUrl": "https://sell.stubhub.de/sell?eventId=9456482",
            "teams": ["isl", "hun"],
            "date": "2015-06-18T18:00",
            "stadium": "sv"
        }, {
            "number": "24",
            "buyUrl": "https://www.stubhub.de/f1-f3-uefa-euro-2016-tickets-parc-des-princes-6-18-2016/event/9456483",
            "sellUrl": "https://sell.stubhub.de/sell?eventId=9456483",
            "teams": ["por", "aut"],
            "date": "2015-06-18T21:00",
            "stadium": "pdp"
        }, {
            "number": "33",
            "buyUrl": "https://www.stubhub.de/f2-f3-uefa-euro-2016-tickets-le-stade-de-france-6-22-2016/event/9456492",
            "sellUrl": "https://sell.stubhub.de/sell?eventId=9456492",
            "teams": ["isl", "aut"],
            "date": "2015-06-22T18:00",
            "stadium": "sdf"
        }, {
            "number": "34",
            "buyUrl": "https://www.stubhub.de/f4-f1-uefa-euro-2016-tickets-grand-stade-olympique-lyonnais-6-22-2016/event/9456494",
            "sellUrl": "https://sell.stubhub.de/sell?eventId=9456494",
            "teams": ["hun", "por"],
            "date": "2015-06-22T18:00",
            "stadium": "sdl"
        }]
    }],

    "knockout": [{
        "name": "round16",
        "games": [{
            "number": "37",
            "buyUrl": "https://www.stubhub.de/ra-rc-achtelfinale-uefa-euro-2016-tickets-stade-geoffroy-guichard-6-25-2016/event/9456501",
            "sellUrl": "https://sell.stubhub.de/sell?eventId=9456501",
            "teams": ["ruA", "ruC"],
            "date": "2015-06-25T15:00",
            "stadium": "sgg"
        }, {
            "number": "38",
            "buyUrl": "https://www.stubhub.de/wb-3a-c-d-achtelfinale-uefa-euro-2016-tickets-parc-des-princes-6-25-2016/event/9456503",
            "sellUrl": "https://sell.stubhub.de/sell?eventId=9456503",
            "teams": ["wB", "thACD"],
            "date": "2015-06-25T18:00",
            "stadium": "pdp"
        }, {
            "number": "39",
            "buyUrl": "https://www.stubhub.de/wd-3b-e-f-achtelfinale-uefa-euro-2016-tickets-stade-bollaert-delelis-6-25-2016/event/9456504",
            "sellUrl": "https://sell.stubhub.de/sell?eventId=9456504",
            "teams": ["wD", "thBEF"],
            "date": "2015-06-25T21:00",
            "stadium": "sbd"
        }, {
            "number": "40",
            "buyUrl": "https://www.stubhub.de/wa-3c-d-e-achtelfinale-uefa-euro-2016-tickets-grand-stade-olympique-lyonnais-6-26-2016/event/9456506",
            "sellUrl": "https://sell.stubhub.de/sell?eventId=9456506",
            "teams": ["wA", "thCDE"],
            "date": "2015-06-26T15:00",
            "stadium": "sdl"
        }, {
            "number": "41",
            "buyUrl": "https://www.stubhub.de/wc-3a-b-f-achtelfinale-uefa-euro-2016-tickets-stade-pierre-mauroy-6-26-2016/event/9456507",
            "sellUrl": "https://sell.stubhub.de/sell?eventId=9456507",
            "teams": ["wC", "thABF"],
            "date": "2015-06-26T18:00",
            "stadium": "spm"
        }, {
            "number": "42",
            "buyUrl": "https://www.stubhub.de/wf-re-achtelfinale-uefa-euro-2016-tickets-stadium-de-toulouse-6-26-2016/event/9456510",
            "sellUrl": "https://sell.stubhub.de/sell?eventId=9456510",
            "teams": ["wF", "ruE"],
            "date": "2015-06-26T21:00",
            "stadium": "sdt"
        }, {
            "number": "43",
            "buyUrl": "https://www.stubhub.de/we-rd-achtelfinale-uefa-euro-2016-tickets-le-stade-de-france-6-27-2016/event/9456511",
            "sellUrl": "https://sell.stubhub.de/sell?eventId=9456511",
            "teams": ["wE", "ruD"],
            "date": "2015-06-27T18:00",
            "stadium": "sdf"
        }, {
            "number": "44",
            "buyUrl": "https://www.stubhub.de/rb-rf-achtelfinale-uefa-euro-2016-tickets-allianz-riviera-6-27-2016/event/9456512",
            "sellUrl": "https://sell.stubhub.de/sell?eventId=9456512",
            "teams": ["ruB", "ruF"],
            "date": "2015-06-27T21:00",
            "stadium": "sdn"
        }]
    }, {
        "name": "quarterFinal",
        "games": [{
            "number": "45",
            "buyUrl": "https://www.stubhub.de/w37-w39-viertelfinale-uefa-euro-2016-tickets-stade-velodrome-6-30-2016/event/9456513",
            "sellUrl": "https://sell.stubhub.de/sell?eventId=9456513",
            "teams": ["w37", "w39"],
            "date": "2015-06-30T21:00",
            "stadium": "sv"
        }, {
            "number": "46",
            "buyUrl": "https://www.stubhub.de/w38-w42-viertelfinale-uefa-euro-2016-tickets-stade-pierre-mauroy-7-1-2016/event/9456514",
            "sellUrl": "https://sell.stubhub.de/sell?eventId=9456514",
            "teams": ["w38", "w42"],
            "date": "2015-07-01T21:00",
            "stadium": "spm"
        }, {
            "number": "47",
            "buyUrl": "https://www.stubhub.de/w41-w43-viertelfinale-uefa-euro-2016-tickets-stade-matmut-atlantique-7-2-2016/event/9456517",
            "sellUrl": "https://sell.stubhub.de/sell?eventId=9456517",
            "teams": ["w41", "w43"],
            "date": "2015-07-02T21:00",
            "stadium": "sdb"
        }, {
            "number": "48",
            "buyUrl": "https://www.stubhub.de/w40-w44-viertelfinale-uefa-euro-2016-tickets-le-stade-de-france-7-3-2016/event/9456519",
            "sellUrl": "https://sell.stubhub.de/sell?eventId=9456519",
            "teams": ["w40", "w44"],
            "date": "2015-07-03T21:00",
            "stadium": "sdf"
        }]
    }, {
        "name": "semiFinal",
        "games": [{
            "number": "49",
            "buyUrl": "https://www.stubhub.de/w45-w46-halbfinale-uefa-euro-2016-tickets-grand-stade-olympique-lyonnais-7-6-2016/event/9456520",
            "sellUrl": "https://sell.stubhub.de/sell?eventId=9456520",
            "teams": ["w45", "w46"],
            "date": "2015-07-06T21:00",
            "stadium": "sdl"
        }, {
            "number": "50",
            "buyUrl": "https://www.stubhub.de/w47-w48-halbfinale-uefa-euro-2016-tickets-stade-velodrome-7-7-2016/event/9456523",
            "sellUrl": "https://sell.stubhub.de/sell?eventId=9456523",
            "teams": ["w47", "w48"],
            "date": "2015-07-07T21:00",
            "stadium": "sv"
        }]
    }, {
        "name": "final",
        "games": [{
            "final": "final",
            "number": "51",
            "buyUrl": "https://www.stubhub.de/w49-w50-finale-uefa-euro-2016-tickets-le-stade-de-france-7-10-2016/event/9456525",
            "sellUrl": "https://sell.stubhub.de/sell?eventId=9456525",
            "teams": ["w49", "w50"],
            "date": "2015-07-10T21:00",
            "stadium": "sdf"
        }]
    }]
}
